FromId,ToId,Id
"376","353","376->353"
"364","354","364->354"
"364","355","364->355"
"383","356","383->356"
"377","357","377->357"
"378","357","378->357"
"370","358","370->358"
"369","359","369->359"
"379","359","379->359"
"543","359","543->359"
"372","360","372->360"
"363","362","363->362"
"365","362","365->362"
"366","362","366->362"
"367","362","367->362"
"371","362","371->362"
"373","362","373->362"
"374","362","374->362"
"375","362","375->362"
"380","362","380->362"
"381","362","381->362"
"382","362","382->362"
"384","362","384->362"
"420","362","420->362"
"434","362","434->362"
"440","362","440->362"
"392","367","392->367"
"393","367","393->367"
"475","372","475->372"
"476","372","476->372"
"477","372","477->372"
"478","372","478->372"
"479","372","479->372"
"480","372","480->372"
"481","372","481->372"
"482","372","482->372"
"483","372","483->372"
"484","372","484->372"
"485","372","485->372"
"486","372","486->372"
"487","372","487->372"
"489","372","489->372"
"490","372","490->372"
"492","372","492->372"
"493","372","493->372"
"494","372","494->372"
"495","372","495->372"
"496","372","496->372"
"497","372","497->372"
"498","372","498->372"
"499","372","499->372"
"500","372","500->372"
"501","372","501->372"
"502","372","502->372"
"503","372","503->372"
"504","372","504->372"
"505","372","505->372"
"506","372","506->372"
"551","372","551->372"
"491","373","491->373"
"435","375","435->375"
"436","375","436->375"
"437","375","437->375"
"438","375","438->375"
"439","375","439->375"
"446","375","446->375"
"421","376","421->376"
"422","376","422->376"
"423","376","423->376"
"424","376","424->376"
"425","376","425->376"
"426","376","426->376"
"427","376","427->376"
"428","376","428->376"
"429","376","429->376"
"430","376","430->376"
"431","376","431->376"
"432","376","432->376"
"433","376","433->376"
"442","376","442->376"
"443","376","443->376"
"444","376","444->376"
"445","376","445->376"
"421","379","421->379"
"422","379","422->379"
"423","379","423->379"
"424","379","424->379"
"425","379","425->379"
"426","379","426->379"
"427","379","427->379"
"428","379","428->379"
"429","379","429->379"
"430","379","430->379"
"431","379","431->379"
"432","379","432->379"
"433","379","433->379"
"442","379","442->379"
"443","379","443->379"
"444","379","444->379"
"445","379","445->379"
"451","380","451->380"
"453","380","453->380"
"454","380","454->380"
"455","380","455->380"
"456","380","456->380"
"457","380","457->380"
"458","380","458->380"
"459","380","459->380"
"460","380","460->380"
"461","380","461->380"
"462","380","462->380"
"463","380","463->380"
"464","380","464->380"
"465","380","465->380"
"466","380","466->380"
"467","380","467->380"
"468","380","468->380"
"469","380","469->380"
"470","380","470->380"
"471","380","471->380"
"472","380","472->380"
"473","380","473->380"
"474","380","474->380"
"441","381","441->381"
"447","381","447->381"
"448","381","448->381"
"508","383","508->383"
"509","383","509->383"
"510","383","510->383"
"511","383","511->383"
"512","383","512->383"
"513","383","513->383"
"514","383","514->383"
"515","383","515->383"
"516","383","516->383"
"517","383","517->383"
"519","383","519->383"
"368","385","368->385"
"522","706","522->706"
"556","372","556->372"
"557","372","557->372"
"558","372","558->372"
"561","362","561->362"
"567","372","567->372"
"568","372","568->372"
"576","365","576->365"
"577","365","577->365"
"584","362","584->362"
"588","367","588->367"
"589","367","589->367"
"590","367","590->367"
"592","362","592->362"
"596","362","596->362"
"598","362","598->362"
"601","358","601->358"
"602","373","602->373"
"605","359","605->359"
"606","359","606->359"
"610","362","610->362"
"611","355","611->355"
"614","373","614->373"
"615","373","615->373"
"617","362","617->362"
"620","362","620->362"
"621","362","621->362"
"623","380","623->380"
"645","362","645->362"
"652","373","652->373"
"655","354","655->354"
"656","362","656->362"
"671","383","671->383"
"677","362","677->362"
"678","362","678->362"
"683","362","683->362"
"685","353","685->353"
"687","360","687->360"
"688","381","688->381"
"690","362","690->362"
"691","380","691->380"
"692","380","692->380"
"693","380","693->380"
"694","380","694->380"
"695","380","695->380"
"696","380","696->380"
"697","380","697->380"
"698","380","698->380"
"699","380","699->380"
"700","375","700->375"
"701","375","701->375"
"702","375","702->375"
"703","381","703->381"
"704","381","704->381"
"705","381","705->381"
"706","357","706->357"
"707","381","707->381"
"708","376","708->376"
"708","379","708->379"
"709","376","709->376"
"709","379","709->379"
"710","376","710->376"
"710","379","710->379"
"711","376","711->376"
"711","379","711->379"
"712","362","712->362"
"713","362","713->362"
"714","376","714->376"
"714","379","714->379"
"716","383","716->383"
"717","383","717->383"
"718","383","718->383"
"719","383","719->383"
"720","383","720->383"
"721","383","721->383"
"722","383","722->383"
"723","383","723->383"
"724","383","724->383"
"725","383","725->383"
"726","383","726->383"
"727","383","727->383"
"728","383","728->383"
"729","383","729->383"
"730","362","730->362"
"733","362","733->362"
