FromId,ToId,Id
"301","0","301->0"
"302","0","302->0"
"303","0","303->0"
"304","0","304->0"
"305","0","305->0"
"306","0","306->0"
"307","0","307->0"
"308","0","308->0"
"309","307","309->307"
"310","304","310->304"
"311","304","311->304"
"312","304","312->304"
"313","304","313->304"
"314","304","314->304"
"315","304","315->304"
"316","304","316->304"
"317","304","317->304"
"318","304","318->304"
"319","304","319->304"
"320","306","320->306"
"321","307","321->307"
"322","307","322->307"
"323","301","323->301"
"324","304","324->304"
"325","304","325->304"
"326","303","326->303"
"327","304","327->304"
"328","307","328->307"
"329","303","329->303"
"330","303","330->303"
"331","305","331->305"
"332","304","332->304"
"333","304","333->304"
"334","306","334->306"
"335","306","335->306"
"336","302","336->302"
"337","307","337->307"
"338","304","338->304"
"339","305","339->305"
"340","301","340->301"
"341","305","341->305"
"342","305","342->305"
"343","305","343->305"
"344","302","344->302"
"345","307","345->307"
"346","307","346->307"
"347","307","347->307"
"348","307","348->307"
"349","307","349->307"
"350","307","350->307"
"351","307","351->307"
"352","307","352->307"
"353","334","353->334"
"353","338","353->338"
"353","310","353->310"
"353","311","353->311"
"353","312","353->312"
"353","314","353->314"
"353","318","353->318"
"353","320","353->320"
"353","323","353->323"
"353","325","353->325"
"354","337","354->337"
"354","313","354->313"
"354","315","354->315"
"354","324","354->324"
"354","327","354->327"
"355","336","355->336"
"355","337","355->337"
"355","316","355->316"
"355","317","355->317"
"355","319","355->319"
"356","333","356->333"
"356","335","356->335"
"357","301","357->301"
"357","307","357->307"
"358","307","358->307"
"359","331","359->331"
"360","301","360->301"
"361","301","361->301"
"362","308","362->308"
"363","362","363->362"
"364","354","364->354"
"364","355","364->355"
"365","362","365->362"
"366","362","366->362"
"367","362","367->362"
"368","385","368->385"
"369","359","369->359"
"370","358","370->358"
"371","362","371->362"
"372","360","372->360"
"373","362","373->362"
"374","362","374->362"
"375","362","375->362"
"376","353","376->353"
"377","357","377->357"
"378","357","378->357"
"379","359","379->359"
"379","305","379->305"
"380","362","380->362"
"381","362","381->362"
"382","362","382->362"
"383","356","383->356"
"384","362","384->362"
"385","302","385->302"
"386","350","386->350"
"387","346","387->346"
"388","346","388->346"
"389","352","389->352"
"390","346","390->346"
"391","320","391->320"
"392","332","392->332"
"392","345","392->345"
"392","367","392->367"
"393","332","393->332"
"393","345","393->345"
"393","367","393->367"
"394","346","394->346"
"394","352","394->352"
"395","346","395->346"
"395","352","395->352"
"396","350","396->350"
"397","350","397->350"
"398","351","398->351"
"399","346","399->346"
"399","352","399->352"
"400","330","400->330"
"401","330","401->330"
"402","313","402->313"
"403","313","403->313"
"404","324","404->324"
"405","313","405->313"
"406","313","406->313"
"407","317","407->317"
"408","344","408->344"
"409","317","409->317"
"410","316","410->316"
"411","344","411->344"
"411","316","411->316"
"412","336","412->336"
"412","317","412->317"
"413","336","413->336"
"413","317","413->317"
"414","348","414->348"
"415","350","415->350"
"416","349","416->349"
"417","337","417->337"
"418","337","418->337"
"419","337","419->337"
"420","339","420->339"
"420","341","420->341"
"420","343","420->343"
"420","362","420->362"
"421","339","421->339"
"421","342","421->342"
"421","376","421->376"
"421","379","421->379"
"422","338","422->338"
"422","376","422->376"
"422","379","422->379"
"423","339","423->339"
"423","376","423->376"
"423","379","423->379"
"424","339","424->339"
"424","376","424->376"
"424","379","424->379"
"425","339","425->339"
"425","376","425->376"
"425","379","425->379"
"426","339","426->339"
"426","376","426->376"
"426","379","426->379"
"427","339","427->339"
"427","376","427->376"
"427","379","427->379"
"428","339","428->339"
"428","376","428->376"
"428","379","428->379"
"429","339","429->339"
"429","343","429->343"
"429","376","429->376"
"429","379","429->379"
"430","339","430->339"
"430","376","430->376"
"430","379","430->379"
"431","339","431->339"
"431","343","431->343"
"431","376","431->376"
"431","379","431->379"
"432","339","432->339"
"432","343","432->343"
"432","376","432->376"
"432","379","432->379"
"433","339","433->339"
"433","343","433->343"
"433","376","433->376"
"433","379","433->379"
"434","313","434->313"
"434","317","434->317"
"434","362","434->362"
"435","313","435->313"
"435","317","435->317"
"435","375","435->375"
"436","313","436->313"
"436","317","436->317"
"436","375","436->375"
"437","313","437->313"
"437","317","437->317"
"437","375","437->375"
"438","313","438->313"
"438","317","438->317"
"438","375","438->375"
"439","313","439->313"
"439","317","439->317"
"439","375","439->375"
"440","323","440->323"
"440","362","440->362"
"441","325","441->325"
"441","381","441->381"
"442","376","442->376"
"442","379","442->379"
"443","376","443->376"
"443","379","443->379"
"444","330","444->330"
"444","376","444->376"
"444","379","444->379"
"445","330","445->330"
"445","376","445->376"
"445","379","445->379"
"446","330","446->330"
"446","375","446->375"
"447","315","447->315"
"447","319","447->319"
"447","381","447->381"
"448","381","448->381"
"449","330","449->330"
"450","330","450->330"
"451","323","451->323"
"451","380","451->380"
"452","310","452->310"
"453","323","453->323"
"453","380","453->380"
"454","323","454->323"
"454","380","454->380"
"455","323","455->323"
"455","380","455->380"
"456","323","456->323"
"456","380","456->380"
"457","323","457->323"
"457","380","457->380"
"458","311","458->311"
"458","380","458->380"
"459","311","459->311"
"459","312","459->312"
"459","380","459->380"
"460","323","460->323"
"460","380","460->380"
"461","323","461->323"
"461","380","461->380"
"462","326","462->326"
"462","380","462->380"
"463","326","463->326"
"463","380","463->380"
"464","323","464->323"
"464","380","464->380"
"465","323","465->323"
"465","380","465->380"
"466","323","466->323"
"466","380","466->380"
"467","323","467->323"
"467","380","467->380"
"468","323","468->323"
"468","380","468->380"
"469","315","469->315"
"469","380","469->380"
"470","315","470->315"
"470","380","470->380"
"471","315","471->315"
"471","380","471->380"
"472","315","472->315"
"472","380","472->380"
"473","315","473->315"
"473","380","473->380"
"474","323","474->323"
"474","380","474->380"
"475","372","475->372"
"476","372","476->372"
"477","372","477->372"
"478","372","478->372"
"479","372","479->372"
"480","372","480->372"
"481","372","481->372"
"482","372","482->372"
"483","372","483->372"
"484","372","484->372"
"485","372","485->372"
"486","372","486->372"
"487","372","487->372"
"488","350","488->350"
"489","372","489->372"
"490","372","490->372"
"491","373","491->373"
"492","372","492->372"
"493","372","493->372"
"494","372","494->372"
"495","372","495->372"
"496","372","496->372"
"497","372","497->372"
"498","372","498->372"
"499","372","499->372"
"500","372","500->372"
"501","372","501->372"
"502","372","502->372"
"503","372","503->372"
"504","372","504->372"
"505","372","505->372"
"506","372","506->372"
"507","330","507->330"
"508","335","508->335"
"508","383","508->383"
"509","335","509->335"
"509","383","509->383"
"510","335","510->335"
"510","383","510->383"
"511","322","511->322"
"511","335","511->335"
"511","383","511->383"
"512","335","512->335"
"512","383","512->383"
"513","335","513->335"
"513","383","513->383"
"514","335","514->335"
"514","383","514->383"
"515","335","515->335"
"515","329","515->329"
"515","383","515->383"
"516","335","516->335"
"516","383","516->383"
"517","335","517->335"
"517","326","517->326"
"517","383","517->383"
"518","330","518->330"
"519","335","519->335"
"519","330","519->330"
"519","383","519->383"
"520","330","520->330"
"521","329","521->329"
"522","323","522->323"
"522","706","522->706"
"523","329","523->329"
"524","329","524->329"
"525","329","525->329"
"526","331","526->331"
"527","331","527->331"
"528","331","528->331"
"529","331","529->331"
"530","331","530->331"
"531","331","531->331"
"532","321","532->321"
"533","321","533->321"
"534","321","534->321"
"535","321","535->321"
"536","350","536->350"
"537","350","537->350"
"538","350","538->350"
"539","324","539->324"
"540","321","540->321"
"541","321","541->321"
"542","321","542->321"
"543","321","543->321"
"543","359","543->359"
"544","321","544->321"
"545","321","545->321"
"546","327","546->327"
"547","320","547->320"
"548","313","548->313"
"549","317","549->317"
"550","343","550->343"
"551","343","551->343"
"551","372","551->372"
"552","330","552->330"
"553","330","553->330"
"554","345","554->345"
"555","345","555->345"
"556","326","556->326"
"556","372","556->372"
"557","312","557->312"
"557","372","557->372"
"558","332","558->332"
"558","372","558->372"
"559","337","559->337"
"560","320","560->320"
"561","330","561->330"
"561","362","561->362"
"562","313","562->313"
"563","313","563->313"
"564","313","564->313"
"565","313","565->313"
"566","313","566->313"
"567","313","567->313"
"567","372","567->372"
"568","313","568->313"
"568","372","568->372"
"569","315","569->315"
"570","311","570->311"
"570","330","570->330"
"571","320","571->320"
"572","317","572->317"
"573","317","573->317"
"574","317","574->317"
"575","317","575->317"
"576","317","576->317"
"576","365","576->365"
"577","319","577->319"
"577","365","577->365"
"578","317","578->317"
"579","320","579->320"
"580","317","580->317"
"581","317","581->317"
"582","337","582->337"
"583","337","583->337"
"584","312","584->312"
"584","362","584->362"
"585","312","585->312"
"586","324","586->324"
"586","344","586->344"
"587","350","587->350"
"587","352","587->352"
"588","332","588->332"
"588","345","588->345"
"588","367","588->367"
"589","332","589->332"
"589","345","589->345"
"589","367","589->367"
"590","332","590->332"
"590","345","590->345"
"590","367","590->367"
"591","324","591->324"
"591","327","591->327"
"592","350","592->350"
"592","362","592->362"
"593","331","593->331"
"594","346","594->346"
"595","346","595->346"
"596","350","596->350"
"596","362","596->362"
"597","350","597->350"
"598","350","598->350"
"598","362","598->362"
"599","311","599->311"
"599","330","599->330"
"600","311","600->311"
"601","330","601->330"
"601","358","601->358"
"602","373","602->373"
"603","350","603->350"
"604","350","604->350"
"605","350","605->350"
"605","359","605->359"
"606","315","606->315"
"606","359","606->359"
"607","320","607->320"
"608","326","608->326"
"609","320","609->320"
"610","315","610->315"
"610","319","610->319"
"610","362","610->362"
"611","330","611->330"
"611","355","611->355"
"612","330","612->330"
"613","312","613->312"
"614","330","614->330"
"614","373","614->373"
"615","330","615->330"
"615","373","615->373"
"616","312","616->312"
"617","346","617->346"
"617","352","617->352"
"617","362","617->362"
"618","350","618->350"
"619","330","619->330"
"620","326","620->326"
"620","362","620->362"
"621","326","621->326"
"621","362","621->362"
"622","309","622->309"
"623","323","623->323"
"623","380","623->380"
"624","322","624->322"
"625","330","625->330"
"626","330","626->330"
"627","346","627->346"
"627","352","627->352"
"628","346","628->346"
"628","352","628->352"
"629","350","629->350"
"629","352","629->352"
"630","350","630->350"
"630","352","630->352"
"631","350","631->350"
"631","352","631->352"
"632","350","632->350"
"632","352","632->352"
"633","350","633->350"
"634","350","634->350"
"635","330","635->330"
"636","350","636->350"
"637","350","637->350"
"638","350","638->350"
"639","350","639->350"
"640","330","640->330"
"641","330","641->330"
"642","315","642->315"
"642","319","642->319"
"643","321","643->321"
"644","346","644->346"
"645","347","645->347"
"645","362","645->362"
"646","315","646->315"
"647","319","647->319"
"648","318","648->318"
"649","330","649->330"
"650","330","650->330"
"651","330","651->330"
"652","373","652->373"
"653","330","653->330"
"654","330","654->330"
"655","354","655->354"
"656","340","656->340"
"656","362","656->362"
"657","330","657->330"
"658","330","658->330"
"659","330","659->330"
"660","330","660->330"
"661","330","661->330"
"662","330","662->330"
"663","330","663->330"
"664","330","664->330"
"665","330","665->330"
"666","330","666->330"
"667","330","667->330"
"668","330","668->330"
"669","330","669->330"
"670","330","670->330"
"671","335","671->335"
"671","383","671->383"
"672","326","672->326"
"673","326","673->326"
"674","326","674->326"
"675","321","675->321"
"676","340","676->340"
"677","321","677->321"
"677","362","677->362"
"678","321","678->321"
"678","362","678->362"
"679","328","679->328"
"680","330","680->330"
"681","330","681->330"
"682","330","682->330"
"683","330","683->330"
"683","362","683->362"
"684","346","684->346"
"684","352","684->352"
"685","353","685->353"
"686","340","686->340"
"687","346","687->346"
"687","360","687->360"
"688","312","688->312"
"688","381","688->381"
"689","318","689->318"
"690","338","690->338"
"690","362","690->362"
"691","380","691->380"
"692","380","692->380"
"693","380","693->380"
"694","323","694->323"
"694","380","694->380"
"695","380","695->380"
"696","312","696->312"
"696","380","696->380"
"697","323","697->323"
"697","380","697->380"
"698","312","698->312"
"698","380","698->380"
"699","380","699->380"
"700","313","700->313"
"700","317","700->317"
"700","375","700->375"
"701","375","701->375"
"702","375","702->375"
"703","381","703->381"
"704","315","704->315"
"704","319","704->319"
"704","381","704->381"
"705","381","705->381"
"706","340","706->340"
"706","321","706->321"
"706","357","706->357"
"707","381","707->381"
"708","338","708->338"
"708","376","708->376"
"708","379","708->379"
"709","338","709->338"
"709","376","709->376"
"709","379","709->379"
"710","325","710->325"
"710","376","710->376"
"710","379","710->379"
"711","338","711->338"
"711","376","711->376"
"711","379","711->379"
"712","339","712->339"
"712","362","712->362"
"713","325","713->325"
"713","362","713->362"
"714","339","714->339"
"714","343","714->343"
"714","376","714->376"
"714","379","714->379"
"715","339","715->339"
"715","341","715->341"
"716","383","716->383"
"717","335","717->335"
"717","320","717->320"
"717","383","717->383"
"718","334","718->334"
"718","335","718->335"
"718","383","718->383"
"719","334","719->334"
"719","335","719->335"
"719","383","719->383"
"720","334","720->334"
"720","383","720->383"
"721","383","721->383"
"722","346","722->346"
"722","335","722->335"
"722","383","722->383"
"723","346","723->346"
"723","335","723->335"
"723","383","723->383"
"724","383","724->383"
"725","346","725->346"
"725","335","725->335"
"725","383","725->383"
"726","346","726->346"
"726","335","726->335"
"726","383","726->383"
"727","346","727->346"
"727","383","727->383"
"728","335","728->335"
"728","383","728->383"
"729","383","729->383"
"730","329","730->329"
"730","362","730->362"
"731","330","731->330"
"732","321","732->321"
"733","330","733->330"
"733","362","733->362"
